"","road","home","lineopen","lineavg","line","linemedian","phcover","phwin","diff","my_pred","my_pred_id","my_abs_diff"
"1","South Alabama","Louisiana-Lafayette",-5,-0.276355616,-9.5,0.81,0.6505334507,0.4937257958,9.223644384,"Louisiana-Lafayette","home",9.223644384
"2","Arizona St.","USC",26,18.285282077,26,17.604,0.3771067768,0.8367955455,-7.714717923,"Arizona St.","road",7.714717923
"3","Fresno St.","Connecticut",-24,-17.41252256,-24,-18.65,0.6117451527,0.1483891328,6.58747744,"Connecticut","home",6.58747744
"4","Texas-San Antonio","Middle Tenn.",-5.5,1.5033899871,-5,2.99,0.6105189232,0.5359948761,6.5033899871,"Middle Tenn.","home",6.5033899871
"5","Rutgers","Ohio St.",41,34.521432767,41,33.85,0.3929021195,0.9753556481,-6.478567233,"Rutgers","road",6.478567233
"6","Colorado","Arizona",18,11.683051298,18,10.7539,0.3936612662,0.7543211026,-6.316948702,"Colorado","road",6.316948702
"7","Central Mich.","Toledo",7.5,1.8328215448,7.5,2.6,0.4022435646,0.5448964536,-5.6671784552,"Central Mich.","road",5.6671784552
"8","Indiana","Nebraska",4,-1.306351404,4,0.31,0.4121271994,0.4704717495,-5.306351404,"Indiana","road",5.306351404
"9","Louisville","Boston College",-15.5,-11.26823744,-16,-10.6,0.5813016389,0.2470708211,4.73176256,"Boston College","home",4.73176256
"10","Washington","UCLA",-2.5,1.0734948977,-3.5,1.344,0.5778500256,0.525472341,4.5734948977,"UCLA","home",4.5734948977
"11","Troy St.","Western Kentucky",5.5,9.8618048667,5.5,8.44,0.5736499215,0.7181171148,4.3618048667,"Western Kentucky","home",4.3618048667
"12","San Jose St.","Wyoming",-1,3.1302319447,-1,2.901542084,0.5714318741,0.5760458861,4.1302319447,"Wyoming","home",4.1302319447
"13","Michigan","Iowa",-9.5,-6.643006139,-10.5,-6.87,0.5664457469,0.3433591491,3.856993861,"Iowa","home",3.856993861
"14","Michigan St.","Maryland",7.5,3.8595975938,7.5,3.85,0.437041684,0.5932435522,-3.6404024062,"Michigan St.","road",3.6404024062
"15","Virginia","Duke",2,-1.146125663,2,-0.79,0.4465828461,0.4731140599,-3.146125663,"Virginia","road",3.146125663
"16","Navy","Air Force",15,18.019895501,15,17.62,0.552308852,0.8647564786,3.019895501,"Air Force","home",3.019895501
"17","UTEP","Charlotte",-3.5,-5.421405655,-2.5,-5.75,0.449543031,0.3708816455,-2.921405655,"UTEP","road",2.921405655
"18","Liberty","Old Dominion",-2,-4.253292669,-1.5,-4.6,0.4521268169,0.3967292868,-2.753292669,"Liberty","road",2.753292669
"19","Georgia St.","Army",9,11.724264671,9,11.7,0.5466996816,0.7585792964,2.724264671,"Army","home",2.724264671
"20","Northwestern","Penn St.",25.5,28.179743452,25.5,29.3028446,0.5454562304,0.9508051203,2.679743452,"Penn St.","home",2.679743452
"21","SMU","Central Florida",3.5,5.8861238757,3.5,6.3,0.5415413888,0.6416281772,2.3861238757,"Central Florida","home",2.3861238757
"22","Louisiana-Monroe","Arkansas St.",7.5,5.124446341,7.5,4.95,0.4591543612,0.6210346084,-2.375553659,"Louisiana-Monroe","road",2.375553659
"23","Wake Forest","Florida St.",7,4.7728157328,7,4.9,0.4614348227,0.6144430376,-2.2271842672,"Wake Forest","road",2.2271842672
"24","New Mexico","UNLV",14,11.841943749,14,11.5,0.4624578694,0.7667960558,-2.158056251,"New Mexico","road",2.158056251
"25","Texas A&M","Mississippi St.",4,2.0294095649,4,1.23,0.4658974129,0.5491354432,-1.9705904351,"Texas A&M","road",1.9705904351
"26","Miami (Ohio)","Buffalo",0,-1.734157956,0,-1.3,0.4698184886,0.4575358284,-1.734157956,"Miami (Ohio)","road",1.734157956
"27","LSU","Auburn",-7,-5.771587378,-7.5,-4.41,0.5294254934,0.3669203962,1.728412622,"Auburn","home",1.728412622
"28","Stanford","Oregon",16.5,18.174645437,16.5,16.4,0.5287186413,0.8611891074,1.674645437,"Oregon","home",1.674645437
"29","Cincinnati","Tulsa",-12,-10.64269758,-9,-10.69,0.4714674103,0.2572762096,-1.64269758,"Cincinnati","road",1.64269758
"30","Georgia","Missouri",-27.5,-25.93467719,-27.5,-26,0.5268252051,0.0609524763,1.56532281,"Missouri","home",1.56532281
"31","West Va.","Texas",9,10.541788489,9,10.55,0.5268196117,0.74129884,1.541788489,"Texas","home",1.541788489
"32","Oklahoma","TCU",-5.5,-5.024318797,-6.5,-5.6,0.525358908,0.3816232546,1.475681203,"TCU","home",1.475681203
"33","Georgia Tech","Pittsburgh",24,22.655443791,24,22.2,0.4767706476,0.9149900974,-1.344556209,"Georgia Tech","road",1.344556209
"34","Virginia Tech","North Carolina",9,10.326922785,9,11,0.5230276184,0.7359683065,1.326922785,"North Carolina","home",1.326922785
"35","Alabama","Arkansas",-16.5,-15.1851063,-16.5,-14,0.5225120988,0.1830925123,1.3148937,"Arkansas","home",1.3148937
"36","Purdue","Minnesota",10.5,11.640800968,10.5,11.89,0.5197678344,0.7608169671,1.140800968,"Minnesota","home",1.140800968
"37","Texas Tech","Kansas St.",8,6.9222613826,8,7.07,0.4811501439,0.6661821508,-1.0777386174,"Texas Tech","road",1.0777386174
"38","Bowling Green","Akron",-6,-5.940191661,-7,-5.81,0.5183084159,0.359586436,1.059808339,"Akron","home",1.059808339
"39","Florida Intl.","New Mexico St.",14.5,13.441484037,14.5,13.9,0.482083776,0.7829989234,-1.058515963,"Florida Intl.","road",1.058515963
"40","Utah St.","BYU",24.5,23.460337626,24.5,23.2,0.4821922279,0.9187542272,-1.039662374,"Utah St.","road",1.039662374
"41","Iowa St.","Kansas",-3,-4.494134777,-3.5,-5,0.4834468494,0.3998513615,-0.994134777,"Iowa St.","road",0.994134777
"42","Illinois","Wisconsin",7.5,6.5653992502,7.5,7.92,0.4839991948,0.6519102988,-0.9346007498,"Illinois","road",0.9346007498
"43","Kentucky","Mississippi",7,6.1847549165,7,5.583,0.4857619302,0.6489220382,-0.8152450835,"Kentucky","road",0.8152450835
"44","Georgia Southern","Coastal Carolina",10,9.2100070951,10,9,0.4864234436,0.7094295753,-0.7899929049,"Georgia Southern","road",0.7899929049
"45","UAB","Rice",-9.5,-9.411126572,-10,-9.35,0.5102022368,0.2834543801,0.588873427999999,"Rice","home",0.588873427999999
"46","Tulane","Houston",2.5,3.0565120025,2.5,3.1,0.5096291436,0.5735800774,0.5565120025,"Houston","home",0.5565120025
"47","Temple","Memphis",20,19.465766365,20,19.09,0.4908347428,0.8773726123,-0.534233635,"Temple","road",0.534233635
"48","Texas St.","James Madison",23,23.518930986,23,23.89,0.5085899179,0.9054416449,0.518930986000001,"James Madison","home",0.518930986000001
"49","NC St.","Clemson",6.5,6.9610496239,6.5,6.8,0.5080321921,0.665736763,0.4610496239,"Clemson","home",0.4610496239
"50","California","Washington St.",4,4.441474062,4,5,0.5076963557,0.6077874354,0.441474062,"Washington St.","home",0.441474062
"51","Oregon St.","Utah",10.5,10.06078076,10.5,10.3861,0.492399243,0.7293026177,-0.43921924,"Oregon St.","road",0.43921924
"52","Ohio","Kent",10,9.6147209568,10,8.79,0.4933920967,0.7168664692,-0.385279043200001,"Ohio","road",0.385279043200001
"53","San Diego St.","Boise St.",6.5,6.1787565994,6.5,6.26,0.4944014043,0.6481392903,-0.3212434006,"San Diego St.","road",0.3212434006
"54","Northern Ill.","Ball St.",-3.5,-2.704344478,-3,-2.85,0.5050831196,0.4356221405,0.295655522,"Ball St.","home",0.295655522
"55","Florida Atlantic","North Texas",-2.5,-2.71374774,-3,-2.85,0.504947525,0.4347395716,0.28625226,"North Texas","home",0.28625226
"56","East Carolina","South Florida",-8,-8.775557019,-9,-8.016981778,0.5038963357,0.2959912772,0.224442980999999,"South Florida","home",0.224442980999999
"57","Massachusetts","Eastern Mich.",20,20.076444498,20,19.56,0.5012897913,0.8771586972,0.0764444980000007,"Eastern Mich.","home",0.0764444980000007
"58","Oklahoma St.","Baylor",2.5,2.5519571996,2.5,2.5,0.5009054538,0.5623954131,0.0519571995999999,"Baylor","home",0.0519571995999999
